Title,Price
God of War - PlayStation 4,49.99
God of War - PlayStation 4,49.99
Street Fighter V - PlayStation 4,16.36
Far Cry 5 - PlayStation 4,59.99
Detroit: Become Human - PlayStation 4,59.99
Mass Effect Andromeda - PlayStation 4,19.99
Dynasty Warriors 9 - PlayStation 4,39.99
Dissidia Final Fantasy NT - PlayStation 4,39.99
Monster Hunter: World - PlayStation 4,59.99
Injustice 2 Legendary Edition - PlayStation 4,59.99
Resident Evil 7 Biohazard - PlayStation 4,19.99
God of War - Collector's Edition - PlayStation 4,119.99
Just Dance 2018 - PlayStation 4,49.99
Destiny 2 - PlayStation 4,39.99
Street Fighter V: Arcade Edition - PlayStation 4,31.82
Assassins Creed Origins - PlayStation 4,59.99
NBA 2K17 - PlayStation 4,19.99
Yakuza 6: The Song of Life (After Hours Premium Edition) - PlayStation 4,87.93
MLB The Show 18 Standard Edition - PlayStation 4,39.99
Ni no Kuni II - Revenant Kingdom - Day one Edition - PlayStation 4,59.99
Nioh - PlayStation 4,39.99
Overwatch Game of the Year Edition - PlayStation 4,59.99
Dragon Ball Fighter Z - PlayStation 4,59.99
Ni No Kuni II: Revenant Kingdom Premium Edition - PlayStation 4,73.77
Doom VFR - PlayStation 4,29.99
The Elder Scrolls Online: Summerset Collector's Edition - PlayStation 4,89.99
UNCHARTED: The Lost Legacy - PlayStation 4,31.15
Everybody's Golf - PlayStation 4,19.99
A Way Out - PlayStation 4,29.92
Middle-Earth: Shadow Of War - PlayStation 4,47.86
Grand Theft Auto V - PlayStation 4,29.99
Star Wars Battlefront II - PlayStation 4,39.99
God of War - Stone Mason Edition - PlayStation 4,139.99
Madden NFL 19 Hall of Fame Edition - PlayStation 4,139.99
Madden NFL 19 - PlayStation 4,139.99
Call of Duty: Black Ops 4 - PlayStation 4,139.99
Battlefield V Deluxe Edition - PlayStation 4,139.99